{"initial_reset_timestamp": 1543720676.3017604, "episode_lengths": [72], "episode_rewards": [-179.01820773981564], "episode_types": ["t"], "timestamps": [1543720677.7869701]}