{"initial_reset_timestamp": 1543720639.7173681, "episode_lengths": [51], "episode_rewards": [-387.73926066668406], "episode_types": ["t"], "timestamps": [1543720640.8551736]}