{"initial_reset_timestamp": 1543720618.1510973, "episode_lengths": [84], "episode_rewards": [-508.1384204495063], "episode_types": ["t"], "timestamps": [1543720621.4738076]}