{"initial_reset_timestamp": 1543720692.7474873, "episode_lengths": [65], "episode_rewards": [-536.5799395724309], "episode_types": ["t"], "timestamps": [1543720694.1016982]}