{"initial_reset_timestamp": 1543720657.6648097, "episode_lengths": [70], "episode_rewards": [-133.66263854662776], "episode_types": ["t"], "timestamps": [1543720659.1828272]}